symbol,shortName,longName,currency,regularMarketPrice,regularMarketDayHigh,regularMarketDayLow,regularMarketDayRange,regularMarketChange,regularMarketChangePercent,regularMarketTime,marketCap,regularMarketVolume,regularMarketPreviousClose,regularMarketOpen,fiftyTwoWeekRange,fiftyTwoWeekLow,fiftyTwoWeekHigh,priceEarnings,earningsPerShare
AURA33,AURA33,Aura Minerals Inc Shs Unsponsored Brazilian Depositary Receipt Repr 1 Sh,BRL,133.83,134.05,132.5,132.5 - 134.05,0.73,0.55,2026-03-16T13:33:50.000Z,33639150881.410248,51025,133.88,133.38,29.54 - 156,29.54,156,,-0.0020462
PETR4,PETR4,Petroleo Brasileiro SA Pfd,BRL,45.24,45.3,44.8,44.8 - 45.3,0.57,1.28,2026-03-16T13:33:50.000Z,604751749273,1962400,45.23,44.88,28.86 - 46.09,28.86,46.09,5.294572010392528,8.5445949
VALE3,VALE3,Vale S.A.,BRL,79.34,79.55,79.07,79.07 - 79.55,1.04,1.33,2026-03-16T13:33:50.000Z,334245394680,510600,79.34,79.39,48.77 - 91.62,48.77,91.62,24.601550387596898,3.2360644
AURA33,AURA33,Aura Minerals Inc Shs Unsponsored Brazilian Depositary Receipt Repr 1 Sh,BRL,133.66,134.11,132.5,132.5 - 134.11,0.56,0.42,2026-03-16T13:36:50.000Z,33639150881.410248,56046,133.66,133.38,29.54 - 156,29.54,156,,-0.0020462
PETR4,PETR4,Petroleo Brasileiro SA Pfd,BRL,45.21,45.3,44.8,44.8 - 45.3,0.54,1.21,2026-03-16T13:36:50.000Z,604751749273,2373100,45.25,44.88,28.86 - 46.09,28.86,46.09,5.291061020995716,8.5445949
VALE3,VALE3,Vale S.A.,BRL,79.24,79.55,79.07,79.07 - 79.55,0.94,1.2,2026-03-16T13:36:50.000Z,334245394680,574300,79.24,79.39,48.77 - 91.62,48.77,91.62,24.570542635658914,3.2360644
AURA33,AURA33,Aura Minerals Inc Shs Unsponsored Brazilian Depositary Receipt Repr 1 Sh,BRL,134.12,134.44,131.5,131.5 - 134.44,1.02,0.77,2026-03-16T14:39:50.000Z,33639150881.410248,199389,134.02,133.38,29.54 - 156,29.54,156,,-0.0020462
PETR4,PETR4,Petroleo Brasileiro SA Pfd,BRL,45.5,45.57,44.8,44.8 - 45.57,0.83,1.86,2026-03-16T14:39:50.000Z,604751749273,9178300,45.5,44.88,28.86 - 46.09,28.86,46.09,5.325000585164899,8.5445949
VALE3,VALE3,Vale S.A.,BRL,79.91,80.2,78.86,78.86 - 80.2,1.61,2.06,2026-03-16T14:39:50.000Z,334245394680,3793500,79.91,79.39,48.77 - 91.62,48.77,91.62,24.77829457364341,3.2360644
AURA33,AURA33,Aura Minerals Inc Shs Unsponsored Brazilian Depositary Receipt Repr 1 Sh,BRL,132.85,134.44,131.5,131.5 - 134.44,-0.25,-0.19,2026-03-16T15:05:50.000Z,33639150881.410248,247818,132.95,133.38,29.54 - 156,29.54,156,,-0.0020462
PETR4,PETR4,Petroleo Brasileiro SA Pfd,BRL,45.51,45.58,44.8,44.8 - 45.58,0.84,1.88,2026-03-16T15:05:50.000Z,604751749273,11064300,45.52,44.88,28.86 - 46.09,28.86,46.09,5.326170914963836,8.5445949
VALE3,VALE3,Vale S.A.,BRL,79.44,80.2,78.86,78.86 - 80.2,1.14,1.46,2026-03-16T15:05:50.000Z,334245394680,4673900,79.51,79.39,48.77 - 91.62,48.77,91.62,24.632558139534883,3.2360644
AURA33,AURA33,Aura Minerals Inc Shs Unsponsored Brazilian Depositary Receipt Repr 1 Sh,BRL,131.49,134.44,131.3,131.3 - 134.44,-1.61,-1.21,2026-03-16T15:35:50.000Z,33639150881.410248,307162,131.49,133.38,29.54 - 156,29.54,156,,-0.0020462
PETR4,PETR4,Petroleo Brasileiro SA Pfd,BRL,45.69,45.72,44.8,44.8 - 45.72,1.02,2.28,2026-03-16T15:35:50.000Z,604751749273,14281000,45.67,44.88,28.86 - 46.09,28.86,46.09,5.347236851344708,8.5445949
VALE3,VALE3,Vale S.A.,BRL,79.54,80.2,78.86,78.86 - 80.2,1.24,1.58,2026-03-16T15:35:50.000Z,334245394680,5661700,79.54,79.39,48.77 - 91.62,48.77,91.62,24.66356589147287,3.2360644
AURA33,AURA33,Aura Minerals Inc Shs Unsponsored Brazilian Depositary Receipt Repr 1 Sh,BRL,131.65,134.44,131.07,131.07 - 134.44,-1.45,-1.09,2026-03-16T16:03:50.000Z,33639150881.410248,354145,131.64,133.38,29.54 - 156,29.54,156,,-0.0020462
PETR4,PETR4,Petroleo Brasileiro SA Pfd,BRL,45.58,45.74,44.8,44.8 - 45.74,0.91,2.04,2026-03-16T16:03:50.000Z,604751749273,16219700,45.59,44.88,28.86 - 46.09,28.86,46.09,5.334363223556397,8.5445949
VALE3,VALE3,Vale S.A.,BRL,79.35,80.2,78.86,78.86 - 80.2,1.05,1.34,2026-03-16T16:03:50.000Z,334245394680,6150200,79.35,79.39,48.77 - 91.62,48.77,91.62,24.604651162790695,3.2360644
AURA33,AURA33,Aura Minerals Inc Shs Unsponsored Brazilian Depositary Receipt Repr 1 Sh,BRL,130.97,134.44,129.85,129.85 - 134.44,-2.13,-1.6,2026-03-16T16:34:50.000Z,33639150881.410248,411897,130.92,133.38,29.54 - 156,29.54,156,,-0.0020462
PETR4,PETR4,Petroleo Brasileiro SA Pfd,BRL,45.74,45.76,44.8,44.8 - 45.76,1.07,2.4,2026-03-16T16:34:50.000Z,604751749273,19080200,45.74,44.88,28.86 - 46.09,28.86,46.09,5.353088500339395,8.5445949
VALE3,VALE3,Vale S.A.,BRL,79.29,80.2,78.86,78.86 - 80.2,0.99,1.26,2026-03-16T16:34:50.000Z,334245394680,6837000,79.27,79.39,48.77 - 91.62,48.77,91.62,24.58604651162791,3.2360644
AURA33,AURA33,Aura Minerals Inc Shs Unsponsored Brazilian Depositary Receipt Repr 1 Sh,BRL,130.31,134.44,129.85,129.85 - 134.44,-2.79,-2.1,2026-03-16T17:02:50.000Z,33639150881.410248,477999,130.38,133.38,29.54 - 156,29.54,156,,-0.0020462
PETR4,PETR4,Petroleo Brasileiro SA Pfd,BRL,45.6,45.78,44.8,44.8 - 45.78,0.93,2.08,2026-03-16T17:02:50.000Z,604751749273,20602500,45.61,44.88,28.86 - 46.09,28.86,46.09,5.336703883154272,8.5445949
VALE3,VALE3,Vale S.A.,BRL,79.11,80.2,78.86,78.86 - 80.2,0.81,1.03,2026-03-16T17:02:50.000Z,334245394680,7486000,79.13,79.39,48.77 - 91.62,48.77,91.62,24.530232558139534,3.2360644
AURA33,AURA33,Aura Minerals Inc Shs Unsponsored Brazilian Depositary Receipt Repr 1 Sh,BRL,131.56,134.44,129.85,129.85 - 134.44,-1.54,-1.16,2026-03-16T17:33:51.000Z,33639150881.410248,509282,131.47,133.38,29.54 - 156,29.54,156,,-0.0020462
PETR4,PETR4,Petroleo Brasileiro SA Pfd,BRL,45.58,45.78,44.8,44.8 - 45.78,0.91,2.04,2026-03-16T17:33:51.000Z,604751749273,22524000,45.6,44.88,28.86 - 46.09,28.86,46.09,5.334363223556397,8.5445949
VALE3,VALE3,Vale S.A.,BRL,79.25,80.2,78.86,78.86 - 80.2,0.95,1.21,2026-03-16T17:33:51.000Z,334245394680,7922700,79.25,79.39,48.77 - 91.62,48.77,91.62,24.573643410852714,3.2360644
AURA33,AURA33,Aura Minerals Inc Shs Unsponsored Brazilian Depositary Receipt Repr 1 Sh,BRL,131.88,134.44,129.85,129.85 - 134.44,-1.22,-0.92,2026-03-16T18:01:51.000Z,33639150881.410248,543642,131.88,133.38,29.54 - 156,29.54,156,,-0.0020462
PETR4,PETR4,Petroleo Brasileiro SA Pfd,BRL,45.71,45.78,44.8,44.8 - 45.78,1.04,2.33,2026-03-16T18:01:51.000Z,604751749273,24452900,45.7,44.88,28.86 - 46.09,28.86,46.09,5.349577510942583,8.5445949
VALE3,VALE3,Vale S.A.,BRL,79.21,80.2,78.86,78.86 - 80.2,0.91,1.16,2026-03-16T18:01:51.000Z,334245394680,8407000,79.2,79.39,48.77 - 91.62,48.77,91.62,24.561240310077515,3.2360644
AURA33,AURA33,Aura Minerals Inc Shs Unsponsored Brazilian Depositary Receipt Repr 1 Sh,BRL,132.73,134.44,129.85,129.85 - 134.44,-0.37,-0.28,2026-03-16T18:31:51.000Z,33639150881.410248,578041,132.73,133.38,29.54 - 156,29.54,156,,-0.0020462
PETR4,PETR4,Petroleo Brasileiro SA Pfd,BRL,45.86,45.86,44.8,44.8 - 45.86,1.19,2.66,2026-03-16T18:31:51.000Z,604751749273,27565500,45.83,44.88,28.86 - 46.09,28.86,46.09,5.367132457926643,8.5445949
VALE3,VALE3,Vale S.A.,BRL,79.52,80.2,78.86,78.86 - 80.2,1.22,1.56,2026-03-16T18:31:51.000Z,334245394680,9146300,79.51,79.39,48.77 - 91.62,48.77,91.62,24.65736434108527,3.2360644
AURA33,AURA33,Aura Minerals Inc Shs Unsponsored Brazilian Depositary Receipt Repr 1 Sh,BRL,132.72,134.44,129.85,129.85 - 134.44,-0.38,-0.29,2026-03-16T19:02:51.000Z,33639150881.410248,615788,132.72,133.38,29.54 - 156,29.54,156,,-0.0020462
PETR4,PETR4,Petroleo Brasileiro SA Pfd,BRL,45.9,45.99,44.8,44.8 - 45.99,1.23,2.75,2026-03-16T19:02:51.000Z,604751749273,30158100,45.89,44.88,28.86 - 46.09,28.86,46.09,5.371813777122393,8.5445949
VALE3,VALE3,Vale S.A.,BRL,79.46,80.2,78.86,78.86 - 80.2,1.16,1.48,2026-03-16T19:02:51.000Z,334245394680,9734400,79.43,79.39,48.77 - 91.62,48.77,91.62,24.638759689922477,3.2360644
AURA33,AURA33,Aura Minerals Inc Shs Unsponsored Brazilian Depositary Receipt Repr 1 Sh,BRL,132.23,134.44,129.85,129.85 - 134.44,-0.87,-0.65,2026-03-16T19:32:51.000Z,33639150881.410248,660868,132.26,133.38,29.54 - 156,29.54,156,,-0.0020462
PETR4,PETR4,Petroleo Brasileiro SA Pfd,BRL,45.85,45.99,44.8,44.8 - 45.99,1.18,2.64,2026-03-16T19:32:51.000Z,604751749273,31893700,45.86,44.88,28.86 - 46.09,28.86,46.09,5.365962128127706,8.5445949
VALE3,VALE3,Vale S.A.,BRL,79.45,80.2,78.86,78.86 - 80.2,1.15,1.47,2026-03-16T19:32:51.000Z,334245394680,10662500,79.45,79.39,48.77 - 91.62,48.77,91.62,24.635658914728683,3.2360644
AURA33,AURA33,Aura Minerals Inc Shs Unsponsored Brazilian Depositary Receipt Repr 1 Sh,BRL,132.55,134.44,129.85,129.85 - 134.44,-0.55,-0.41,2026-03-16T19:55:51.000Z,33639150881.410248,688031,132.47,133.38,29.54 - 156,29.54,156,,-0.0020462
PETR4,PETR4,Petroleo Brasileiro SA Pfd,BRL,45.7,45.99,44.8,44.8 - 45.99,1.03,2.31,2026-03-16T19:55:51.000Z,604751749273,34994900,45.7,44.88,28.86 - 46.09,28.86,46.09,5.348407181143646,8.5445949
VALE3,VALE3,Vale S.A.,BRL,79.05,80.2,78.86,78.86 - 80.2,0.75,0.96,2026-03-16T19:55:51.000Z,334245394680,11387900,79.05,79.39,48.77 - 91.62,48.77,91.62,24.51162790697674,3.2360644
AURA33,AURA33,Aura Minerals Inc Shs Unsponsored Brazilian Depositary Receipt Repr 1 Sh,BRL,132.46,134.44,129.85,129.85 - 134.44,-0.64,-0.48,2026-03-16T20:22:51.000Z,33639150881.410248,710205,132.46,133.38,29.54 - 156,29.54,156,,-0.0020462
PETR4,PETR4,Petroleo Brasileiro SA Pfd,BRL,45.58,45.99,44.8,44.8 - 45.99,0.91,2.04,2026-03-16T20:22:51.000Z,604751749273,37675600,45.69,44.88,28.86 - 46.09,28.86,46.09,5.334363223556397,8.5445949
VALE3,VALE3,Vale S.A.,BRL,78.84,80.2,78.81,78.81 - 80.2,0.54,0.69,2026-03-16T20:22:51.000Z,334245394680,12074900,78.99,79.39,48.77 - 91.62,48.77,91.62,24.446511627906975,3.2360644
AURA33,AURA33,Aura Minerals Inc Shs Unsponsored Brazilian Depositary Receipt Repr 1 Sh,BRL,132,134.44,129.85,129.85 - 134.44,-1.1,-0.83,2026-03-16T20:56:54.000Z,33639150881.410248,731188,132.46,133.38,29.54 - 156,29.54,156,,-0.0020462
PETR4,PETR4,Petroleo Brasileiro SA Pfd,BRL,45.86,45.99,44.8,44.8 - 45.99,1.19,2.66,2026-03-16T20:56:54.000Z,604751749273,40357000,45.69,44.88,28.86 - 46.09,28.86,46.09,5.367132457926643,8.5445949
VALE3,VALE3,Vale S.A.,BRL,78.84,80.2,78.81,78.81 - 80.2,0.54,0.69,2026-03-16T20:56:54.000Z,334245394680,13580800,78.99,79.39,48.77 - 91.62,48.77,91.62,24.446511627906975,3.2360644
AURA33,AURA33,Aura Minerals Inc Shs Unsponsored Brazilian Depositary Receipt Repr 1 Sh,BRL,136.45,136.89,132.7,132.7 - 136.89,4.45,3.37,2026-03-17T13:45:51.000Z,33553975700.052433,49875,136.34,132.7,29.54 - 156,29.54,156,,-0.0020462
PETR4,PETR4,Petroleo Brasileiro SA Pfd,BRL,46.13,46.37,45.8,45.8 - 46.37,0.55,1.21,2026-03-17T13:45:51.000Z,615092317744,5403200,46.12,45.85,28.86 - 46.37,28.86,46.37,5.398731362497951,8.5445949
VALE3,VALE3,Vale S.A.,BRL,79.23,79.63,78.9,78.9 - 79.63,0.39,0.49,2026-03-17T13:45:51.000Z,336550506583,914200,79.23,79.1,48.77 - 91.62,48.77,91.62,24.567441860465117,3.2360644
AURA33,AURA33,Aura Minerals Inc Shs Unsponsored Brazilian Depositary Receipt Repr 1 Sh,BRL,138.08,138.19,132.7,132.7 - 138.19,6.08,4.61,2026-03-17T14:37:35.000Z,33553975700.052433,150805,138.07,132.7,29.54 - 156,29.54,156,,-0.0020462
PETR4,PETR4,Petroleo Brasileiro SA Pfd,BRL,47.13,47.17,45.8,45.8 - 47.17,1.55,3.4,2026-03-17T14:37:35.000Z,615092317744,17156200,47.13,45.85,28.86 - 47.17,28.86,47.17,5.515764342391686,8.5445949
VALE3,VALE3,Vale S.A.,BRL,79.43,79.63,78.71,78.71 - 79.63,0.59,0.75,2026-03-17T14:37:35.000Z,336550506583,3030900,79.43,79.1,48.77 - 91.62,48.77,91.62,24.629457364341086,3.2360644
AURA33,AURA33,Aura Minerals Inc Shs Unsponsored Brazilian Depositary Receipt Repr 1 Sh,BRL,138.41,138.51,132.7,132.7 - 138.51,6.41,4.86,2026-03-17T15:02:51.000Z,33553975700.052433,182216,138.36,132.7,29.54 - 156,29.54,156,,-0.0020462
PETR4,PETR4,Petroleo Brasileiro SA Pfd,BRL,47.08,47.24,45.8,45.8 - 47.24,1.5,3.29,2026-03-17T15:02:51.000Z,615092317744,20836200,47.09,45.85,28.86 - 47.24,28.86,47.24,5.509912693396998,8.5445949
VALE3,VALE3,Vale S.A.,BRL,79.6,79.71,78.71,78.71 - 79.71,0.76,0.96,2026-03-17T15:02:51.000Z,336550506583,5182400,79.6,79.1,48.77 - 91.62,48.77,91.62,24.682170542635657,3.2360644
AURA33,AURA33,Aura Minerals Inc Shs Unsponsored Brazilian Depositary Receipt Repr 1 Sh,BRL,137.09,138.97,132.7,132.7 - 138.97,5.09,3.86,2026-03-17T15:35:36.000Z,33553975700.052433,245372,137.05,132.7,29.54 - 156,29.54,156,,-0.0020462
PETR4,PETR4,Petroleo Brasileiro SA Pfd,BRL,47.01,47.26,45.8,45.8 - 47.26,1.43,3.14,2026-03-17T15:35:36.000Z,615092317744,25171400,47.01,45.85,28.86 - 47.26,28.86,47.26,5.501720384804437,8.5445949
VALE3,VALE3,Vale S.A.,BRL,79.06,79.71,78.71,78.71 - 79.71,0.22,0.28,2026-03-17T15:35:36.000Z,336550506583,6018700,79.01,79.1,48.77 - 91.62,48.77,91.62,24.514728682170542,3.2360644
AURA33,AURA33,Aura Minerals Inc Shs Unsponsored Brazilian Depositary Receipt Repr 1 Sh,BRL,135.76,138.97,132.7,132.7 - 138.97,3.76,2.85,2026-03-17T16:04:37.000Z,33553975700.052433,291444,135.79,132.7,29.54 - 156,29.54,156,,-0.0020462
PETR4,PETR4,Petroleo Brasileiro SA Pfd,BRL,47.03,47.26,45.8,45.8 - 47.26,1.45,3.18,2026-03-17T16:04:37.000Z,615092317744,27246900,47.03,45.85,28.86 - 47.26,28.86,47.26,5.504061044402312,8.5445949
VALE3,VALE3,Vale S.A.,BRL,78.82,79.71,78.71,78.71 - 79.71,-0.02,-0.03,2026-03-17T16:04:37.000Z,336550506583,6803600,78.85,79.1,48.77 - 91.62,48.77,91.62,24.440310077519378,3.2360644
AURA33,AURA33,Aura Minerals Inc Shs Unsponsored Brazilian Depositary Receipt Repr 1 Sh,BRL,135.01,138.97,132.7,132.7 - 138.97,3.01,2.28,2026-03-17T16:36:51.000Z,33553975700.052433,316383,135.06,132.7,29.54 - 156,29.54,156,,-0.0020462
PETR4,PETR4,Petroleo Brasileiro SA Pfd,BRL,47.12,47.26,45.8,45.8 - 47.26,1.54,3.38,2026-03-17T16:36:51.000Z,615092317744,28954800,47.12,45.85,28.86 - 47.26,28.86,47.26,5.514594012592748,8.5445949
VALE3,VALE3,Vale S.A.,BRL,78.87,79.71,78.64,78.64 - 79.71,0.03,0.04,2026-03-17T16:36:51.000Z,336550506583,7521200,78.87,79.1,48.77 - 91.62,48.77,91.62,24.455813953488374,3.2360644
AURA33,AURA33,Aura Minerals Inc Shs Unsponsored Brazilian Depositary Receipt Repr 1 Sh,BRL,135.75,138.97,132.7,132.7 - 138.97,3.75,2.84,2026-03-17T17:02:54.000Z,33553975700.052433,336957,135.76,132.7,29.54 - 156,29.54,156,,-0.0020462
PETR4,PETR4,Petroleo Brasileiro SA Pfd,BRL,47.1,47.26,45.8,45.8 - 47.26,1.52,3.33,2026-03-17T17:02:54.000Z,615092317744,30164500,47.1,45.85,28.86 - 47.26,28.86,47.26,5.512253352994874,8.5445949
VALE3,VALE3,Vale S.A.,BRL,78.82,79.71,78.64,78.64 - 79.71,-0.02,-0.03,2026-03-17T17:02:54.000Z,336550506583,8105000,78.82,79.1,48.77 - 91.62,48.77,91.62,24.440310077519378,3.2360644
AURA33,AURA33,Aura Minerals Inc Shs Unsponsored Brazilian Depositary Receipt Repr 1 Sh,BRL,136.38,138.97,132.7,132.7 - 138.97,4.38,3.32,2026-03-17T17:33:54.000Z,33553975700.052433,368186,136.39,132.7,29.54 - 156,29.54,156,,-0.0020462
PETR4,PETR4,Petroleo Brasileiro SA Pfd,BRL,46.9,47.26,45.8,45.8 - 47.26,1.32,2.9,2026-03-17T17:33:54.000Z,615092317744,31654600,46.9,45.85,28.86 - 47.26,28.86,47.26,5.488846757016127,8.5445949
VALE3,VALE3,Vale S.A.,BRL,78.94,79.71,78.64,78.64 - 79.71,0.1,0.13,2026-03-17T17:33:54.000Z,336550506583,8515900,78.94,79.1,48.77 - 91.62,48.77,91.62,24.47751937984496,3.2360644
AURA33,AURA33,Aura Minerals Inc Shs Unsponsored Brazilian Depositary Receipt Repr 1 Sh,BRL,136.17,138.97,132.7,132.7 - 138.97,4.17,3.16,2026-03-17T18:01:54.000Z,33553975700.052433,383091,136.16,132.7,29.54 - 156,29.54,156,,-0.0020462
PETR4,PETR4,Petroleo Brasileiro SA Pfd,BRL,46.97,47.26,45.8,45.8 - 47.26,1.39,3.05,2026-03-17T18:01:54.000Z,615092317744,33398000,46.97,45.85,28.86 - 47.26,28.86,47.26,5.497039065608688,8.5445949
VALE3,VALE3,Vale S.A.,BRL,78.93,79.71,78.64,78.64 - 79.71,0.09,0.11,2026-03-17T18:01:54.000Z,336550506583,9051400,78.93,79.1,48.77 - 91.62,48.77,91.62,24.474418604651163,3.2360644
AURA33,AURA33,Aura Minerals Inc Shs Unsponsored Brazilian Depositary Receipt Repr 1 Sh,BRL,136.77,138.97,132.7,132.7 - 138.97,4.77,3.61,2026-03-17T18:31:51.000Z,33553975700.052433,414665,136.71,132.7,29.54 - 156,29.54,156,,-0.0020462
PETR4,PETR4,Petroleo Brasileiro SA Pfd,BRL,47.01,47.26,45.8,45.8 - 47.26,1.43,3.14,2026-03-17T18:31:51.000Z,615092317744,35114400,47.01,45.85,28.86 - 47.26,28.86,47.26,5.501720384804437,8.5445949
VALE3,VALE3,Vale S.A.,BRL,79.13,79.71,78.64,78.64 - 79.71,0.29,0.37,2026-03-17T18:31:51.000Z,336550506583,9566900,79.11,79.1,48.77 - 91.62,48.77,91.62,24.53643410852713,3.2360644
AURA33,AURA33,Aura Minerals Inc Shs Unsponsored Brazilian Depositary Receipt Repr 1 Sh,BRL,136.97,138.97,132.7,132.7 - 138.97,4.97,3.77,2026-03-17T19:03:19.000Z,33553975700.052433,437603,136.9,132.7,29.54 - 156,29.54,156,,-0.0020462
PETR4,PETR4,Petroleo Brasileiro SA Pfd,BRL,46.68,47.26,45.8,45.8 - 47.26,1.1,2.41,2026-03-17T19:03:19.000Z,615092317744,38191500,46.68,45.85,28.86 - 47.26,28.86,47.26,5.463099501439505,8.5445949
VALE3,VALE3,Vale S.A.,BRL,78.89,79.71,78.64,78.64 - 79.71,0.05,0.06,2026-03-17T19:03:19.000Z,336550506583,10261600,78.9,79.1,48.77 - 91.62,48.77,91.62,24.462015503875968,3.2360644
AURA33,AURA33,Aura Minerals Inc Shs Unsponsored Brazilian Depositary Receipt Repr 1 Sh,BRL,136.12,138.97,132.7,132.7 - 138.97,4.12,3.12,2026-03-17T19:33:51.000Z,33553975700.052433,464177,136.12,132.7,29.54 - 156,29.54,156,,-0.0020462
PETR4,PETR4,Petroleo Brasileiro SA Pfd,BRL,46.49,47.26,45.8,45.8 - 47.26,0.91,2,2026-03-17T19:33:51.000Z,615092317744,42692600,46.49,45.85,28.86 - 47.26,28.86,47.26,5.4408632352596955,8.5445949
VALE3,VALE3,Vale S.A.,BRL,78.75,79.71,78.63,78.63 - 79.71,-0.09,-0.11,2026-03-17T19:33:51.000Z,336550506583,10860300,78.75,79.1,48.77 - 91.62,48.77,91.62,24.41860465116279,3.2360644
AURA33,AURA33,Aura Minerals Inc Shs Unsponsored Brazilian Depositary Receipt Repr 1 Sh,BRL,135.64,138.97,132.7,132.7 - 138.97,3.64,2.76,2026-03-17T19:57:19.000Z,33553975700.052433,479161,135.58,132.7,29.54 - 156,29.54,156,,-0.0020462
PETR4,PETR4,Petroleo Brasileiro SA Pfd,BRL,46.36,47.26,45.8,45.8 - 47.26,0.78,1.71,2026-03-17T19:57:19.000Z,615092317744,45342800,46.34,45.85,28.86 - 47.26,28.86,47.26,5.42564894787351,8.5445949
VALE3,VALE3,Vale S.A.,BRL,78.77,79.71,78.63,78.63 - 79.71,-0.07,-0.09,2026-03-17T19:57:19.000Z,336550506583,12020200,78.77,79.1,48.77 - 91.62,48.77,91.62,24.424806201550386,3.2360644
AURA33,AURA33,Aura Minerals Inc Shs Unsponsored Brazilian Depositary Receipt Repr 1 Sh,BRL,136.5,138.97,132.7,132.7 - 138.97,4.5,3.41,2026-03-17T20:23:20.000Z,33553975700.052433,521501,136.06,132.7,29.54 - 156,29.54,156,,-0.0020462
PETR4,PETR4,Petroleo Brasileiro SA Pfd,BRL,46.38,47.26,45.8,45.8 - 47.26,0.8,1.76,2026-03-17T20:23:20.000Z,615092317744,50857500,46.3,45.85,28.86 - 47.26,28.86,47.26,5.427989607471385,8.5445949
VALE3,VALE3,Vale S.A.,BRL,78.96,79.71,78.63,78.63 - 79.71,0.12,0.15,2026-03-17T20:23:20.000Z,336550506583,14214700,78.8,79.1,48.77 - 91.62,48.77,91.62,24.483720930232554,3.2360644
AURA33,AURA33,Aura Minerals Inc Shs Unsponsored Brazilian Depositary Receipt Repr 1 Sh,BRL,136.5,138.97,132.7,132.7 - 138.97,4.5,3.41,2026-03-17T20:56:20.000Z,33553975700.052433,521747,136.06,132.7,29.54 - 156,29.54,156,,-0.0020462
PETR4,PETR4,Petroleo Brasileiro SA Pfd,BRL,46.38,47.26,45.8,45.8 - 47.26,0.8,1.76,2026-03-17T20:56:20.000Z,615092317744,50967900,46.3,45.85,28.86 - 47.26,28.86,47.26,5.427989607471385,8.5445949
VALE3,VALE3,Vale S.A.,BRL,78.96,79.71,78.63,78.63 - 79.71,0.12,0.15,2026-03-17T20:56:20.000Z,336550506583,14218000,78.8,79.1,48.77 - 91.62,48.77,91.62,24.483720930232554,3.2360644
AURA33,AURA33,Aura Minerals Inc Shs Unsponsored Brazilian Depositary Receipt Repr 1 Sh,BRL,130.99,131.47,130.01,130.01 - 131.47,-5.51,-4.04,2026-03-18T13:46:24.000Z,34305243446.121815,83332,130.91,131,29.54 - 156,29.54,156,,-0.0020462
PETR4,PETR4,Petroleo Brasileiro SA Pfd,BRL,46.97,47.01,46.55,46.55 - 47.01,0.59,1.27,2026-03-18T13:46:24.000Z,623881155406,6781300,46.98,46.7,28.86 - 47.26,28.86,47.26,5.497039065608688,8.5445949
VALE3,VALE3,Vale S.A.,BRL,78.28,78.67,78.11,78.11 - 78.67,-0.68,-0.86,2026-03-18T13:46:24.000Z,337062771766,555200,78.28,78.65,48.77 - 91.62,48.77,91.62,24.272868217054263,3.2360644
AURA33,AURA33,Aura Minerals Inc Shs Unsponsored Brazilian Depositary Receipt Repr 1 Sh,BRL,127.02,131.47,127,127 - 131.47,-9.48,-6.95,2026-03-18T14:41:25.000Z,34305243446.121815,323015,126.94,131,29.54 - 156,29.54,156,,-0.0020462
PETR4,PETR4,Petroleo Brasileiro SA Pfd,BRL,46.86,47.15,46.55,46.55 - 47.15,0.48,1.03,2026-03-18T14:41:25.000Z,623881155406,13566000,46.88,46.7,28.86 - 47.26,28.86,47.26,5.484165437820377,8.5445949
VALE3,VALE3,Vale S.A.,BRL,77.51,78.67,77.5,77.5 - 78.67,-1.45,-1.84,2026-03-18T14:41:25.000Z,337062771766,2670000,77.55,78.65,48.77 - 91.62,48.77,91.62,24.034108527131785,3.2360644
AURA33,AURA33,Aura Minerals Inc Shs Unsponsored Brazilian Depositary Receipt Repr 1 Sh,BRL,125.96,131.47,125.15,125.15 - 131.47,-10.54,-7.72,2026-03-18T15:08:53.000Z,34305243446.121815,396780,126.02,131,29.54 - 156,29.54,156,,-0.0020462
PETR4,PETR4,Petroleo Brasileiro SA Pfd,BRL,46.99,47.15,46.55,46.55 - 47.15,0.61,1.32,2026-03-18T15:08:53.000Z,623881155406,16936200,47.01,46.7,28.86 - 47.26,28.86,47.26,5.499379725206563,8.5445949
VALE3,VALE3,Vale S.A.,BRL,77.64,78.67,77.5,77.5 - 78.67,-1.32,-1.67,2026-03-18T15:08:53.000Z,337062771766,3492900,77.64,78.65,48.77 - 91.62,48.77,91.62,24.07441860465116,3.2360644
AURA33,AURA33,Aura Minerals Inc Shs Unsponsored Brazilian Depositary Receipt Repr 1 Sh,BRL,126.6,131.47,125.15,125.15 - 131.47,-9.9,-7.25,2026-03-18T15:41:25.000Z,34305243446.121815,439655,126.6,131,29.54 - 156,29.54,156,,-0.0020462
PETR4,PETR4,Petroleo Brasileiro SA Pfd,BRL,46.97,47.15,46.55,46.55 - 47.15,0.59,1.27,2026-03-18T15:41:25.000Z,623881155406,20331500,46.96,46.7,28.86 - 47.26,28.86,47.26,5.497039065608688,8.5445949
VALE3,VALE3,Vale S.A.,BRL,77.48,78.67,77.47,77.47 - 78.67,-1.48,-1.87,2026-03-18T15:41:25.000Z,337062771766,4461100,77.51,78.65,48.77 - 91.62,48.77,91.62,24.024806201550387,3.2360644
AURA33,AURA33,Aura Minerals Inc Shs Unsponsored Brazilian Depositary Receipt Repr 1 Sh,BRL,126.65,131.47,125.15,125.15 - 131.47,-9.85,-7.22,2026-03-18T16:09:26.000Z,34305243446.121815,459085,126.58,131,29.54 - 156,29.54,156,,-0.0020462
PETR4,PETR4,Petroleo Brasileiro SA Pfd,BRL,46.97,47.15,46.55,46.55 - 47.15,0.59,1.27,2026-03-18T16:09:26.000Z,623881155406,21859000,46.97,46.7,28.86 - 47.26,28.86,47.26,5.497039065608688,8.5445949
VALE3,VALE3,Vale S.A.,BRL,77.58,78.67,77.36,77.36 - 78.67,-1.38,-1.75,2026-03-18T16:09:26.000Z,337062771766,4995200,77.55,78.65,48.77 - 91.62,48.77,91.62,24.05581395348837,3.2360644
AURA33,AURA33,Aura Minerals Inc Shs Unsponsored Brazilian Depositary Receipt Repr 1 Sh,BRL,127.94,131.47,125.15,125.15 - 131.47,-8.56,-6.27,2026-03-18T16:36:53.000Z,34305243446.121815,498579,127.94,131,29.54 - 156,29.54,156,,-0.0020462
PETR4,PETR4,Petroleo Brasileiro SA Pfd,BRL,46.94,47.15,46.55,46.55 - 47.15,0.56,1.21,2026-03-18T16:36:53.000Z,623881155406,22884900,46.94,46.7,28.86 - 47.26,28.86,47.26,5.493528076211875,8.5445949
VALE3,VALE3,Vale S.A.,BRL,77.49,78.67,77.36,77.36 - 78.67,-1.47,-1.86,2026-03-18T16:36:53.000Z,337062771766,5420900,77.5,78.65,48.77 - 91.62,48.77,91.62,24.027906976744184,3.2360644
AURA33,AURA33,Aura Minerals Inc Shs Unsponsored Brazilian Depositary Receipt Repr 1 Sh,BRL,128.69,131.47,125.15,125.15 - 131.47,-7.81,-5.72,2026-03-18T17:02:53.000Z,34305243446.121815,552419,128.93,131,29.54 - 156,29.54,156,,-0.0020462
PETR4,PETR4,Petroleo Brasileiro SA Pfd,BRL,46.9,47.15,46.55,46.55 - 47.15,0.52,1.12,2026-03-18T17:02:53.000Z,623881155406,24505900,46.9,46.7,28.86 - 47.26,28.86,47.26,5.488846757016127,8.5445949
VALE3,VALE3,Vale S.A.,BRL,77.18,78.67,77.16,77.16 - 78.67,-1.78,-2.25,2026-03-18T17:02:53.000Z,337062771766,6372500,77.19,78.65,48.77 - 91.62,48.77,91.62,23.931782945736437,3.2360644
AURA33,AURA33,Aura Minerals Inc Shs Unsponsored Brazilian Depositary Receipt Repr 1 Sh,BRL,128.58,131.47,125.15,125.15 - 131.47,-7.92,-5.8,2026-03-18T17:34:53.000Z,34305243446.121815,623168,128.6,131,29.54 - 156,29.54,156,,-0.0020462
PETR4,PETR4,Petroleo Brasileiro SA Pfd,BRL,46.97,47.15,46.55,46.55 - 47.15,0.59,1.27,2026-03-18T17:34:53.000Z,623881155406,26510400,47,46.7,28.86 - 47.26,28.86,47.26,5.497039065608688,8.5445949
VALE3,VALE3,Vale S.A.,BRL,77.42,78.67,77.1,77.1 - 78.67,-1.54,-1.95,2026-03-18T17:34:53.000Z,337062771766,7541000,77.41,78.65,48.77 - 91.62,48.77,91.62,24.006201550387598,3.2360644
AURA33,AURA33,Aura Minerals Inc Shs Unsponsored Brazilian Depositary Receipt Repr 1 Sh,BRL,128.52,131.47,125.15,125.15 - 131.47,-7.98,-5.85,2026-03-18T18:02:29.000Z,34305243446.121815,657975,128.55,131,29.54 - 156,29.54,156,,-0.0020462
PETR4,PETR4,Petroleo Brasileiro SA Pfd,BRL,47.05,47.15,46.55,46.55 - 47.15,0.67,1.44,2026-03-18T18:02:29.000Z,623881155406,29640200,47.04,46.7,28.86 - 47.26,28.86,47.26,5.5064017040001865,8.5445949
VALE3,VALE3,Vale S.A.,BRL,77.38,78.67,77.1,77.1 - 78.67,-1.58,-2,2026-03-18T18:02:29.000Z,337062771766,8581800,77.43,78.65,48.77 - 91.62,48.77,91.62,23.993798449612402,3.2360644
AURA33,AURA33,Aura Minerals Inc Shs Unsponsored Brazilian Depositary Receipt Repr 1 Sh,BRL,127.1,131.47,125.15,125.15 - 131.47,-9.4,-6.89,2026-03-18T18:31:53.000Z,34305243446.121815,697848,127.1,131,29.54 - 156,29.54,156,,-0.0020462
PETR4,PETR4,Petroleo Brasileiro SA Pfd,BRL,47.02,47.15,46.55,46.55 - 47.15,0.64,1.38,2026-03-18T18:31:53.000Z,623881155406,33316400,47.02,46.7,28.86 - 47.26,28.86,47.26,5.502890714603375,8.5445949
VALE3,VALE3,Vale S.A.,BRL,77.62,78.67,77.1,77.1 - 78.67,-1.34,-1.7,2026-03-18T18:31:53.000Z,337062771766,10752600,77.64,78.65,48.77 - 91.62,48.77,91.62,24.068217054263567,3.2360644
AURA33,AURA33,Aura Minerals Inc Shs Unsponsored Brazilian Depositary Receipt Repr 1 Sh,BRL,126.26,131.47,125.15,125.15 - 131.47,-10.24,-7.5,2026-03-18T19:02:53.000Z,34305243446.121815,774370,126.27,131,29.54 - 156,29.54,156,,-0.0020462
PETR4,PETR4,Petroleo Brasileiro SA Pfd,BRL,47.01,47.15,46.55,46.55 - 47.15,0.63,1.36,2026-03-18T19:02:53.000Z,623881155406,36957700,47.02,46.7,28.86 - 47.26,28.86,47.26,5.501720384804437,8.5445949
VALE3,VALE3,Vale S.A.,BRL,77.65,78.67,77.1,77.1 - 78.67,-1.31,-1.66,2026-03-18T19:02:53.000Z,337062771766,11990200,77.63,78.65,48.77 - 91.62,48.77,91.62,24.07751937984496,3.2360644
AURA33,AURA33,Aura Minerals Inc Shs Unsponsored Brazilian Depositary Receipt Repr 1 Sh,BRL,125.37,131.47,125,125 - 131.47,-11.13,-8.15,2026-03-18T19:30:53.000Z,34305243446.121815,880829,125.32,131,29.54 - 156,29.54,156,,-0.0020462
PETR4,PETR4,Petroleo Brasileiro SA Pfd,BRL,47,47.15,46.55,46.55 - 47.15,0.62,1.34,2026-03-18T19:30:53.000Z,623881155406,40417500,46.99,46.7,28.86 - 47.26,28.86,47.26,5.5005500550055,8.5445949
VALE3,VALE3,Vale S.A.,BRL,77.25,78.67,77.1,77.1 - 78.67,-1.71,-2.17,2026-03-18T19:30:53.000Z,337062771766,13440900,77.25,78.65,48.77 - 91.62,48.77,91.62,23.953488372093023,3.2360644
AURA33,AURA33,Aura Minerals Inc Shs Unsponsored Brazilian Depositary Receipt Repr 1 Sh,BRL,125.97,131.47,124.68,124.68 - 131.47,-10.53,-7.71,2026-03-18T19:53:53.000Z,34305243446.121815,980629,125.91,131,29.54 - 156,29.54,156,,-0.0020462
PETR4,PETR4,Petroleo Brasileiro SA Pfd,BRL,46.99,47.15,46.55,46.55 - 47.15,0.61,1.32,2026-03-18T19:53:53.000Z,623881155406,43205700,46.99,46.7,28.86 - 47.26,28.86,47.26,5.499379725206563,8.5445949
VALE3,VALE3,Vale S.A.,BRL,77.27,78.67,77.05,77.05 - 78.67,-1.69,-2.14,2026-03-18T19:53:53.000Z,337062771766,14749700,77.25,78.65,48.77 - 91.62,48.77,91.62,23.959689922480617,3.2360644
AURA33,AURA33,Aura Minerals Inc Shs Unsponsored Brazilian Depositary Receipt Repr 1 Sh,BRL,125.48,131.47,124.68,124.68 - 131.47,-11.02,-8.07,2026-03-18T20:22:32.000Z,34305243446.121815,1130555,125.48,131,29.54 - 156,29.54,156,,-0.0020462
PETR4,PETR4,Petroleo Brasileiro SA Pfd,BRL,47.11,47.15,46.55,46.55 - 47.15,0.73,1.57,2026-03-18T20:22:32.000Z,623881155406,49319500,47.11,46.7,28.86 - 47.26,28.86,47.26,5.51342368279381,8.5445949
VALE3,VALE3,Vale S.A.,BRL,77.16,78.67,77.05,77.05 - 78.67,-1.8,-2.28,2026-03-18T20:22:32.000Z,337062771766,16060600,77.16,78.65,48.77 - 91.62,48.77,91.62,23.925581395348836,3.2360644
AURA33,AURA33,Aura Minerals Inc Shs Unsponsored Brazilian Depositary Receipt Repr 1 Sh,BRL,124.75,131.47,124.68,124.68 - 131.47,-11.75,-8.61,2026-03-18T20:56:33.000Z,34305243446.121815,1178744,125.48,131,29.54 - 156,29.54,156,,-0.0020462
PETR4,PETR4,Petroleo Brasileiro SA Pfd,BRL,47,47.15,46.55,46.55 - 47.15,0.62,1.34,2026-03-18T20:56:33.000Z,623881155406,54975300,47.11,46.7,28.86 - 47.26,28.86,47.26,5.5005500550055,8.5445949
VALE3,VALE3,Vale S.A.,BRL,77.13,78.67,77.05,77.05 - 78.67,-1.83,-2.32,2026-03-18T20:56:33.000Z,337062771766,19363500,77.16,78.65,48.77 - 91.62,48.77,91.62,23.91627906976744,3.2360644
AURA33,AURA33,Aura Minerals Inc Shs Unsponsored Brazilian Depositary Receipt Repr 1 Sh,BRL,112.49,113.93,107.27,107.27 - 113.93,-12.26,-9.83,2026-03-19T13:41:54.000Z,31871761524.2616,226496,112.47,112.5,29.54 - 156,29.54,156,,-0.0020462
PETR4,PETR4,Petroleo Brasileiro SA Pfd,BRL,47.4,47.84,47.15,47.15 - 47.84,0.4,0.85,2026-03-19T13:41:54.000Z,633872107944,8563900,47.37,47.2,28.86 - 47.84,28.86,47.84,5.547363246962994,8.5445949
VALE3,VALE3,Vale S.A.,BRL,74.64,75.17,74.06,74.06 - 75.17,-2.49,-3.23,2026-03-19T13:41:54.000Z,329250898708,3841300,74.62,74.17,48.77 - 91.62,48.77,91.62,23.144186046511628,3.2360644
AURA33,AURA33,Aura Minerals Inc Shs Unsponsored Brazilian Depositary Receipt Repr 1 Sh,BRL,113.15,116.52,107.27,107.27 - 116.52,-11.6,-9.3,2026-03-19T14:09:12.000Z,31871761524.2616,463198,113.25,112.5,29.54 - 156,29.54,156,,-0.0020462
PETR4,PETR4,Petroleo Brasileiro SA Pfd,BRL,47.37,47.84,47.08,47.08 - 47.84,0.37,0.79,2026-03-19T14:09:12.000Z,633872107944,16500000,47.39,47.2,28.86 - 47.84,28.86,47.84,5.543852257566181,8.5445949
VALE3,VALE3,Vale S.A.,BRL,74.85,75.17,74.06,74.06 - 75.17,-2.28,-2.96,2026-03-19T14:09:12.000Z,329250898708,8190300,74.85,74.17,48.77 - 91.62,48.77,91.62,23.209302325581394,3.2360644
AURA33,AURA33,Aura Minerals Inc Shs Unsponsored Brazilian Depositary Receipt Repr 1 Sh,BRL,117.12,118.02,107.27,107.27 - 118.02,-7.63,-6.12,2026-03-19T14:32:12.000Z,31871761524.2616,676119,117.2,112.5,29.54 - 156,29.54,156,,-0.0020462
PETR4,PETR4,Petroleo Brasileiro SA Pfd,BRL,47.59,47.84,47.08,47.08 - 47.84,0.59,1.26,2026-03-19T14:32:12.000Z,633872107944,22627200,47.58,47.2,28.86 - 47.84,28.86,47.84,5.569599513142803,8.5445949
VALE3,VALE3,Vale S.A.,BRL,75.65,75.99,74.06,74.06 - 75.99,-1.48,-1.92,2026-03-19T14:32:12.000Z,329250898708,11130600,75.63,74.17,48.77 - 91.62,48.77,91.62,23.457364341085274,3.2360644
AURA33,AURA33,Aura Minerals Inc Shs Unsponsored Brazilian Depositary Receipt Repr 1 Sh,BRL,117.15,118.02,107.27,107.27 - 118.02,-7.6,-6.09,2026-03-19T15:00:13.000Z,31871761524.2616,834183,117.14,112.5,29.54 - 156,29.54,156,,-0.0020462
PETR4,PETR4,Petroleo Brasileiro SA Pfd,BRL,47.87,47.9,47.08,47.08 - 47.9,0.87,1.85,2026-03-19T15:00:13.000Z,633872107944,27367500,47.86,47.2,28.86 - 47.9,28.86,47.9,5.602368747513048,8.5445949
VALE3,VALE3,Vale S.A.,BRL,76.23,76.3,74.06,74.06 - 76.3,-0.9,-1.17,2026-03-19T15:00:13.000Z,329250898708,12433000,76.16,74.17,48.77 - 91.62,48.77,91.62,23.637209302325584,3.2360644
AURA33,AURA33,Aura Minerals Inc Shs Unsponsored Brazilian Depositary Receipt Repr 1 Sh,BRL,116.08,118.02,107.27,107.27 - 118.02,-8.67,-6.95,2026-03-19T15:29:54.000Z,31871761524.2616,986286,116.13,112.5,29.54 - 156,29.54,156,,-0.0020462
PETR4,PETR4,Petroleo Brasileiro SA Pfd,BRL,47.92,48.02,47.08,47.08 - 48.02,0.92,1.96,2026-03-19T15:29:54.000Z,633872107944,31984300,47.93,47.2,28.86 - 48.02,28.86,48.02,5.608220396507735,8.5445949
VALE3,VALE3,Vale S.A.,BRL,76.39,76.42,74.06,74.06 - 76.42,-0.74,-0.96,2026-03-19T15:30:14.000Z,329250898708,13391500,76.4,74.17,48.77 - 91.62,48.77,91.62,23.686821705426357,3.2360644
AURA33,AURA33,Aura Minerals Inc Shs Unsponsored Brazilian Depositary Receipt Repr 1 Sh,BRL,114.6,118.02,107.27,107.27 - 118.02,-10.15,-8.14,2026-03-19T16:01:54.000Z,31871761524.2616,1065371,114.67,112.5,29.54 - 156,29.54,156,,-0.0020462
PETR4,PETR4,Petroleo Brasileiro SA Pfd,BRL,47.98,48.04,47.08,47.08 - 48.04,0.98,2.09,2026-03-19T16:01:54.000Z,633872107944,35606100,47.98,47.2,28.86 - 48.04,28.86,48.04,5.615242375301359,8.5445949
VALE3,VALE3,Vale S.A.,BRL,75.75,76.45,74.06,74.06 - 76.45,-1.38,-1.79,2026-03-19T16:01:54.000Z,329250898708,14621900,75.75,74.17,48.77 - 91.62,48.77,91.62,23.488372093023255,3.2360644
AURA33,AURA33,Aura Minerals Inc Shs Unsponsored Brazilian Depositary Receipt Repr 1 Sh,BRL,114.69,118.02,107.27,107.27 - 118.02,-10.06,-8.06,2026-03-19T16:32:15.000Z,31871761524.2616,1132408,114.71,112.5,29.54 - 156,29.54,156,,-0.0020462
PETR4,PETR4,Petroleo Brasileiro SA Pfd,BRL,48.02,48.07,47.08,47.08 - 48.07,1.02,2.17,2026-03-19T16:32:15.000Z,633872107944,38918400,48.03,47.2,28.86 - 48.07,28.86,48.07,5.619923694497109,8.5445949
VALE3,VALE3,Vale S.A.,BRL,75.9,76.45,74.06,74.06 - 76.45,-1.23,-1.59,2026-03-19T16:32:15.000Z,329250898708,15476700,75.89,74.17,48.77 - 91.62,48.77,91.62,23.534883720930235,3.2360644
AURA33,AURA33,Aura Minerals Inc Shs Unsponsored Brazilian Depositary Receipt Repr 1 Sh,BRL,114.3,118.02,107.27,107.27 - 118.02,-10.45,-8.38,2026-03-19T17:02:15.000Z,31871761524.2616,1207391,114.26,112.5,29.54 - 156,29.54,156,,-0.0020462
PETR4,PETR4,Petroleo Brasileiro SA Pfd,BRL,47.97,48.13,47.08,47.08 - 48.13,0.97,2.06,2026-03-19T17:02:15.000Z,633872107944,42648200,47.96,47.2,28.86 - 48.13,28.86,48.13,5.614072045502422,8.5445949
VALE3,VALE3,Vale S.A.,BRL,76.03,76.45,74.06,74.06 - 76.45,-1.1,-1.43,2026-03-19T17:02:15.000Z,329250898708,16129700,76.03,74.17,48.77 - 91.62,48.77,91.62,23.57519379844961,3.2360644
AURA33,AURA33,Aura Minerals Inc Shs Unsponsored Brazilian Depositary Receipt Repr 1 Sh,BRL,113.35,118.02,107.27,107.27 - 118.02,-11.4,-9.14,2026-03-19T17:32:16.000Z,31871761524.2616,1281702,113.35,112.5,29.54 - 156,29.54,156,,-0.0020462
PETR4,PETR4,Petroleo Brasileiro SA Pfd,BRL,47.88,48.13,47.08,47.08 - 48.13,0.88,1.87,2026-03-19T17:32:16.000Z,633872107944,46448900,47.87,47.2,28.86 - 48.13,28.86,48.13,5.603539077311987,8.5445949
VALE3,VALE3,Vale S.A.,BRL,75.61,76.45,74.06,74.06 - 76.45,-1.52,-1.97,2026-03-19T17:32:16.000Z,329250898708,16947400,75.64,74.17,48.77 - 91.62,48.77,91.62,23.444961240310075,3.2360644
AURA33,AURA33,Aura Minerals Inc Shs Unsponsored Brazilian Depositary Receipt Repr 1 Sh,BRL,113.13,118.02,107.27,107.27 - 118.02,-11.62,-9.31,2026-03-19T17:59:16.000Z,31871761524.2616,1331115,113.16,112.5,29.54 - 156,29.54,156,,-0.0020462
PETR4,PETR4,Petroleo Brasileiro SA Pfd,BRL,47.77,48.13,47.08,47.08 - 48.13,0.77,1.64,2026-03-19T17:59:16.000Z,633872107944,48753500,47.77,47.2,28.86 - 48.13,28.86,48.13,5.590665449523676,8.5445949
VALE3,VALE3,Vale S.A.,BRL,75.56,76.45,74.06,74.06 - 76.45,-1.57,-2.04,2026-03-19T17:59:16.000Z,329250898708,17878400,75.57,74.17,48.77 - 91.62,48.77,91.62,23.429457364341086,3.2360644
AURA33,AURA33,Aura Minerals Inc Shs Unsponsored Brazilian Depositary Receipt Repr 1 Sh,BRL,113.74,118.02,107.27,107.27 - 118.02,-11.01,-8.83,2026-03-19T18:29:55.000Z,31871761524.2616,1416629,113.81,112.5,29.54 - 156,29.54,156,,-0.0020462
PETR4,PETR4,Petroleo Brasileiro SA Pfd,BRL,47.2,48.13,47.08,47.08 - 48.13,0.2,0.43,2026-03-19T18:29:55.000Z,633872107944,54897600,47.24,47.2,28.86 - 48.13,28.86,48.13,5.523956650984247,8.5445949
VALE3,VALE3,Vale S.A.,BRL,75.97,76.45,74.06,74.06 - 76.45,-1.16,-1.5,2026-03-19T18:29:55.000Z,329250898708,18828000,75.97,74.17,48.77 - 91.62,48.77,91.62,23.55658914728682,3.2360644
PETR4,PETR4,Petroleo Brasileiro SA Pfd,BRL,47.15,48.13,47.08,47.08 - 48.13,0.15,0.32,2026-03-19T19:02:55.000Z,633872107944,60053000,47.15,47.2,28.86 - 48.13,28.86,48.13,5.51810500198956,8.5445949
VALE3,VALE3,Vale S.A.,BRL,75.97,76.45,74.06,74.06 - 76.45,-1.16,-1.5,2026-03-19T19:02:55.000Z,329250898708,19642100,75.97,74.17,48.77 - 91.62,48.77,91.62,23.55658914728682,3.2360644
AURA33,AURA33,Aura Minerals Inc Shs Unsponsored Brazilian Depositary Receipt Repr 1 Sh,BRL,115.4,118.02,107.27,107.27 - 118.02,-9.35,-7.49,2026-03-19T19:30:18.000Z,31871761524.2616,1569508,115.45,112.5,29.54 - 156,29.54,156,,-0.0020462
PETR4,PETR4,Petroleo Brasileiro SA Pfd,BRL,46.88,48.13,46.69,46.69 - 48.13,-0.12,-0.26,2026-03-19T19:30:18.000Z,633872107944,71455800,46.87,47.2,28.86 - 48.13,28.86,48.13,5.4865060974182525,8.5445949
VALE3,VALE3,Vale S.A.,BRL,76.52,76.71,74.06,74.06 - 76.71,-0.61,-0.79,2026-03-19T19:30:18.000Z,329250898708,22133400,76.52,74.17,48.77 - 91.62,48.77,91.62,23.727131782945733,3.2360644
AURA33,AURA33,Aura Minerals Inc Shs Unsponsored Brazilian Depositary Receipt Repr 1 Sh,BRL,114.99,118.02,107.27,107.27 - 118.02,-9.76,-7.82,2026-03-19T19:54:18.000Z,31871761524.2616,1705630,114.91,112.5,29.54 - 156,29.54,156,,-0.0020462
PETR4,PETR4,Petroleo Brasileiro SA Pfd,BRL,47,48.13,46.69,46.69 - 48.13,0,0,2026-03-19T19:54:18.000Z,633872107944,76562100,46.99,47.2,28.86 - 48.13,28.86,48.13,5.5005500550055,8.5445949
VALE3,VALE3,Vale S.A.,BRL,76.57,76.71,74.06,74.06 - 76.71,-0.56,-0.73,2026-03-19T19:54:18.000Z,329250898708,23959300,76.55,74.17,48.77 - 91.62,48.77,91.62,23.742635658914725,3.2360644
AURA33,AURA33,Aura Minerals Inc Shs Unsponsored Brazilian Depositary Receipt Repr 1 Sh,BRL,115.6,118.02,107.27,107.27 - 118.02,-9.15,-7.33,2026-03-19T20:22:19.000Z,31871761524.2616,1761370,115.6,112.5,29.54 - 156,29.54,156,,-0.0020462
PETR4,PETR4,Petroleo Brasileiro SA Pfd,BRL,46.91,48.13,46.69,46.69 - 48.13,-0.09,-0.19,2026-03-19T20:22:19.000Z,633872107944,79965200,46.91,47.2,28.86 - 48.13,28.86,48.13,5.4900170868150635,8.5445949
VALE3,VALE3,Vale S.A.,BRL,76.61,76.71,74.06,74.06 - 76.71,-0.52,-0.67,2026-03-19T20:22:19.000Z,329250898708,24939100,76.61,74.17,48.77 - 91.62,48.77,91.62,23.75503875968992,3.2360644
AURA33,AURA33,Aura Minerals Inc Shs Unsponsored Brazilian Depositary Receipt Repr 1 Sh,BRL,115.02,118.02,107.27,107.27 - 118.02,-9.73,-7.8,2026-03-19T20:56:19.000Z,31871761524.2616,1827075,115.6,112.5,29.54 - 156,29.54,156,,-0.0020462
PETR4,PETR4,Petroleo Brasileiro SA Pfd,BRL,46.78,48.13,46.69,46.69 - 48.13,-0.22,-0.47,2026-03-19T20:56:19.000Z,633872107944,84746400,46.91,47.2,28.86 - 48.13,28.86,48.13,5.474802799428879,8.5445949
VALE3,VALE3,Vale S.A.,BRL,76.63,76.71,74.06,74.06 - 76.71,-0.5,-0.65,2026-03-19T20:56:19.000Z,329250898708,27247800,76.61,74.17,48.77 - 91.62,48.77,91.62,23.76124031007752,3.2360644
AURA33,AURA33,Aura Minerals Inc Shs Unsponsored Brazilian Depositary Receipt Repr 1 Sh,BRL,115.6,117.25,115.27,115.27 - 117.25,0.58,0.5,2026-03-20T13:37:06.000Z,29055671543.694405,82554,115.6,117,29.54 - 156,29.54,156,,-0.0020462
PETR4,PETR4,Petroleo Brasileiro SA Pfd,BRL,46.78,47.25,46.76,46.76 - 47.25,0,0,2026-03-20T13:37:06.000Z,632257037412,3064600,46.79,46.79,28.86 - 48.13,28.86,48.13,5.474802799428879,8.5445949
VALE3,VALE3,Vale S.A.,BRL,76.37,76.52,76.06,76.06 - 76.52,-0.26,-0.34,2026-03-20T13:37:06.000Z,327116509298,419600,76.39,76.21,48.77 - 91.62,48.77,91.62,23.68062015503876,3.2360644
AURA33,AURA33,Aura Minerals Inc Shs Unsponsored Brazilian Depositary Receipt Repr 1 Sh,BRL,113.88,117.25,113.36,113.36 - 117.25,-1.14,-0.99,2026-03-20T14:02:06.000Z,29055671543.694405,200823,113.88,117,29.54 - 156,29.54,156,,-0.0020462
PETR4,PETR4,Petroleo Brasileiro SA Pfd,BRL,45.7,47.25,45.68,45.68 - 47.25,-1.08,-2.31,2026-03-20T14:02:06.000Z,632257037412,9105100,45.68,46.79,28.86 - 48.13,28.86,48.13,5.348407181143646,8.5445949
VALE3,VALE3,Vale S.A.,BRL,76.54,76.7,76.06,76.06 - 76.7,-0.09,-0.12,2026-03-20T14:02:06.000Z,327116509298,1341100,76.47,76.21,48.77 - 91.62,48.77,91.62,23.733333333333334,3.2360644
AURA33,AURA33,Aura Minerals Inc Shs Unsponsored Brazilian Depositary Receipt Repr 1 Sh,BRL,111.32,117.25,111.02,111.02 - 117.25,-3.7,-3.22,2026-03-20T14:27:06.000Z,29055671543.694405,275723,111.32,117,29.54 - 156,29.54,156,,-0.0020462
PETR4,PETR4,Petroleo Brasileiro SA Pfd,BRL,45.33,47.25,45.24,45.24 - 47.25,-1.45,-3.1,2026-03-20T14:27:06.000Z,632257037412,14187800,45.33,46.79,28.86 - 48.13,28.86,48.13,5.305104978582964,8.5445949
VALE3,VALE3,Vale S.A.,BRL,75.91,76.7,75.68,75.68 - 76.7,-0.72,-0.94,2026-03-20T14:27:06.000Z,327116509298,2137700,75.91,76.21,48.77 - 91.62,48.77,91.62,23.53798449612403,3.2360644
AURA33,AURA33,Aura Minerals Inc Shs Unsponsored Brazilian Depositary Receipt Repr 1 Sh,BRL,109.93,117.25,107.98,107.98 - 117.25,-5.09,-4.43,2026-03-20T14:59:07.000Z,29055671543.694405,540785,109.97,117,29.54 - 156,29.54,156,,-0.0020462
PETR4,PETR4,Petroleo Brasileiro SA Pfd,BRL,45.69,47.25,45.16,45.16 - 47.25,-1.09,-2.33,2026-03-20T14:59:07.000Z,632257037412,19199100,45.68,46.79,28.86 - 48.13,28.86,48.13,5.347236851344708,8.5445949
VALE3,VALE3,Vale S.A.,BRL,75.7,76.7,75.4,75.4 - 76.7,-0.93,-1.21,2026-03-20T14:59:07.000Z,327116509298,3306600,75.76,76.21,48.77 - 91.62,48.77,91.62,23.472868217054263,3.2360644
AURA33,AURA33,Aura Minerals Inc Shs Unsponsored Brazilian Depositary Receipt Repr 1 Sh,BRL,109.12,117.25,107.98,107.98 - 117.25,-5.9,-5.13,2026-03-20T15:27:07.000Z,29055671543.694405,601935,109.24,117,29.54 - 156,29.54,156,,-0.0020462
PETR4,PETR4,Petroleo Brasileiro SA Pfd,BRL,45.54,47.25,45.16,45.16 - 47.25,-1.24,-2.65,2026-03-20T15:27:07.000Z,632257037412,22170800,45.58,46.79,28.86 - 48.13,28.86,48.13,5.3296819043606485,8.5445949
VALE3,VALE3,Vale S.A.,BRL,75.71,76.7,75.4,75.4 - 76.7,-0.92,-1.2,2026-03-20T15:27:07.000Z,327116509298,3901900,75.71,76.21,48.77 - 91.62,48.77,91.62,23.47596899224806,3.2360644
AURA33,AURA33,Aura Minerals Inc Shs Unsponsored Brazilian Depositary Receipt Repr 1 Sh,BRL,109.24,117.25,107.98,107.98 - 117.25,-5.78,-5.03,2026-03-20T15:57:07.000Z,29055671543.694405,645793,109.29,117,29.54 - 156,29.54,156,,-0.0020462
PETR4,PETR4,Petroleo Brasileiro SA Pfd,BRL,45.13,47.25,45.09,45.09 - 47.25,-1.65,-3.53,2026-03-20T15:57:07.000Z,632257037412,24896700,45.16,46.79,28.86 - 48.13,28.86,48.13,5.281698382604217,8.5445949
VALE3,VALE3,Vale S.A.,BRL,75.42,76.7,75.4,75.4 - 76.7,-1.21,-1.58,2026-03-20T15:57:07.000Z,327116509298,4860000,75.44,76.21,48.77 - 91.62,48.77,91.62,23.386046511627907,3.2360644
AURA33,AURA33,Aura Minerals Inc Shs Unsponsored Brazilian Depositary Receipt Repr 1 Sh,BRL,109.54,117.25,107.98,107.98 - 117.25,-5.48,-4.76,2026-03-20T16:24:57.000Z,29055671543.694405,668436,109.52,117,29.54 - 156,29.54,156,,-0.0020462
PETR4,PETR4,Petroleo Brasileiro SA Pfd,BRL,45.02,47.25,45.01,45.01 - 47.25,-1.76,-3.76,2026-03-20T16:24:57.000Z,632257037412,27041000,45.01,46.79,28.86 - 48.13,28.86,48.13,5.268824754815907,8.5445949
VALE3,VALE3,Vale S.A.,BRL,75.51,76.7,75.3,75.3 - 76.7,-1.12,-1.46,2026-03-20T16:24:57.000Z,327116509298,5229500,75.49,76.21,48.77 - 91.62,48.77,91.62,23.413953488372094,3.2360644
AURA33,AURA33,Aura Minerals Inc Shs Unsponsored Brazilian Depositary Receipt Repr 1 Sh,BRL,109.48,117.25,107.98,107.98 - 117.25,-5.54,-4.82,2026-03-20T16:58:57.000Z,29055671543.694405,706870,109.48,117,29.54 - 156,29.54,156,,-0.0020462
PETR4,PETR4,Petroleo Brasileiro SA Pfd,BRL,45.11,47.25,44.92,44.92 - 47.25,-1.67,-3.57,2026-03-20T16:58:57.000Z,632257037412,29290600,45.11,46.79,28.86 - 48.13,28.86,48.13,5.279357723006343,8.5445949
VALE3,VALE3,Vale S.A.,BRL,75.44,76.7,75.25,75.25 - 76.7,-1.19,-1.55,2026-03-20T16:58:57.000Z,327116509298,5939700,75.43,76.21,48.77 - 91.62,48.77,91.62,23.392248062015504,3.2360644
AURA33,AURA33,Aura Minerals Inc Shs Unsponsored Brazilian Depositary Receipt Repr 1 Sh,BRL,109.46,117.25,107.98,107.98 - 117.25,-5.56,-4.83,2026-03-20T17:24:56.000Z,29055671543.694405,740645,109.41,117,29.54 - 156,29.54,156,,-0.0020462
PETR4,PETR4,Petroleo Brasileiro SA Pfd,BRL,45.18,47.25,44.92,44.92 - 47.25,-1.6,-3.42,2026-03-20T17:24:56.000Z,632257037412,31777400,45.18,46.79,28.86 - 48.13,28.86,48.13,5.287550031598904,8.5445949
VALE3,VALE3,Vale S.A.,BRL,75.42,76.7,75.25,75.25 - 76.7,-1.21,-1.58,2026-03-20T17:24:56.000Z,327116509298,6423800,75.42,76.21,48.77 - 91.62,48.77,91.62,23.386046511627907,3.2360644
